{"cameraMode":{"drawMode":0,"name":"Shaded","section":"Shading Mode"},"sceneLighting":false,"audioPlay":false,"sceneViewState":{"m_AlwaysRefresh":false,"showFog":true,"showSkybox":false,"showFlares":true,"showImageEffects":true,"showParticleSystems":true,"showVisualEffectGraphs":true,"m_FxEnabled":true},"in2DMode":false,"pivot":{"x":-0.003504037857055664,"y":-1.0346591472625733,"z":3.3899002075195314},"rotation":{"x":-0.1678106188774109,"y":0.7797023057937622,"z":-0.23559337854385377,"w":-0.5553619265556336},"size":5.072207450866699,"orthographic":false}