{"cameraMode":{"drawMode":0,"name":"Shaded","section":"Shading Mode"},"sceneLighting":true,"audioPlay":false,"sceneViewState":{"m_AlwaysRefresh":false,"showFog":true,"showSkybox":true,"showFlares":true,"showImageEffects":true,"showParticleSystems":true,"showVisualEffectGraphs":true,"m_FxEnabled":true},"in2DMode":false,"pivot":{"x":0.6797664165496826,"y":4.945558071136475,"z":-0.6833047866821289},"rotation":{"x":-0.21248336136341096,"y":0.20411325991153718,"z":-0.045432694256305698,"w":-0.954531729221344},"size":4.931826591491699,"orthographic":false}