{"cameraMode":{"drawMode":0,"name":"Shaded","section":"Shading Mode"},"sceneLighting":true,"audioPlay":false,"sceneViewState":{"m_AlwaysRefresh":false,"showFog":true,"showSkybox":true,"showFlares":true,"showImageEffects":true,"showParticleSystems":true,"showVisualEffectGraphs":true,"m_FxEnabled":true},"in2DMode":false,"pivot":{"x":616.4409790039063,"y":256.6391296386719,"z":38.14166259765625},"rotation":{"x":-0.1135777086019516,"y":0.020083585754036905,"z":-0.0022904647048562767,"w":-0.9933373332023621},"size":201.30752563476563,"orthographic":false}