{"cameraMode":{"drawMode":0,"name":"Shaded","section":"Shading Mode"},"sceneLighting":true,"audioPlay":false,"sceneViewState":{"m_AlwaysRefresh":false,"showFog":true,"showSkybox":true,"showFlares":true,"showImageEffects":true,"showParticleSystems":true,"showVisualEffectGraphs":true,"m_FxEnabled":true},"in2DMode":false,"pivot":{"x":525.8617553710938,"y":308.4139099121094,"z":-17.828079223632814},"rotation":{"x":0.10226211696863175,"y":-0.004640459548681974,"z":0.0004772936226800084,"w":0.9947649836540222},"size":212.81134033203126,"orthographic":false}