{"cameraMode":{"drawMode":0,"name":"Shaded","section":"Shading Mode"},"sceneLighting":true,"audioPlay":false,"sceneViewState":{"m_AlwaysRefresh":false,"showFog":true,"showSkybox":true,"showFlares":true,"showImageEffects":true,"showParticleSystems":true,"showVisualEffectGraphs":true,"m_FxEnabled":true},"in2DMode":false,"pivot":{"x":607.912353515625,"y":225.66793823242188,"z":-13.993377685546875},"rotation":{"x":0.012879246845841408,"y":0.0172234158962965,"z":0.00022510143753606826,"w":-0.9997826814651489},"size":122.92166137695313,"orthographic":false}