{"cameraMode":{"drawMode":0,"name":"Shaded","section":"Shading Mode"},"sceneLighting":true,"audioPlay":false,"sceneViewState":{"m_AlwaysRefresh":false,"showFog":true,"showSkybox":true,"showFlares":true,"showImageEffects":true,"showParticleSystems":true,"showVisualEffectGraphs":true,"m_FxEnabled":true},"in2DMode":false,"pivot":{"x":0.196346715092659,"y":2.039557933807373,"z":22.038774490356447},"rotation":{"x":-0.16437044739723206,"y":-0.007637715432792902,"z":0.0012775027425959707,"w":-0.9863791465759277},"size":6.160607814788818,"orthographic":false}