{"cameraMode":{"drawMode":0,"name":"Shaded","section":"Shading Mode"},"sceneLighting":true,"audioPlay":false,"sceneViewState":{"m_AlwaysRefresh":false,"showFog":true,"showSkybox":true,"showFlares":true,"showImageEffects":true,"showParticleSystems":true,"showVisualEffectGraphs":true,"m_FxEnabled":true},"in2DMode":false,"pivot":{"x":535.26318359375,"y":287.4980773925781,"z":-22.088607788085939},"rotation":{"x":0.10226211696863175,"y":-0.004640459548681974,"z":0.0004772936226800084,"w":0.9947649836540222},"size":192.2993621826172,"orthographic":false}