{"cameraMode":{"drawMode":0,"name":"Shaded","section":"Shading Mode"},"sceneLighting":true,"audioPlay":false,"sceneViewState":{"m_AlwaysRefresh":false,"showFog":true,"showSkybox":true,"showFlares":true,"showImageEffects":true,"showParticleSystems":true,"showVisualEffectGraphs":true,"m_FxEnabled":true},"in2DMode":false,"pivot":{"x":-4.5925211906433109,"y":-4.8638505935668949,"z":2.3960447311401369},"rotation":{"x":0.2894594669342041,"y":-0.3712726831436157,"z":0.12301306426525116,"w":0.8736347556114197},"size":17.126676559448243,"orthographic":false}