{"cameraMode":{"drawMode":0,"name":"Shaded","section":"Shading Mode"},"sceneLighting":true,"audioPlay":false,"sceneViewState":{"m_AlwaysRefresh":false,"showFog":true,"showSkybox":true,"showFlares":true,"showImageEffects":true,"showParticleSystems":true,"showVisualEffectGraphs":true,"m_FxEnabled":true},"in2DMode":false,"pivot":{"x":3.3499996662139894,"y":0.4514733552932739,"z":-1.6000001430511475},"rotation":{"x":-0.012924262322485447,"y":0.32801756262779238,"z":-0.004473233129829168,"w":-0.9446222186088562},"size":0.8660253882408142,"orthographic":true}