{"cameraMode":{"drawMode":0,"name":"Shaded","section":"Shading Mode"},"sceneLighting":true,"audioPlay":false,"sceneViewState":{"m_AlwaysRefresh":false,"showFog":true,"showSkybox":true,"showFlares":true,"showImageEffects":true,"showParticleSystems":true,"showVisualEffectGraphs":true,"m_FxEnabled":true},"in2DMode":false,"pivot":{"x":253.256103515625,"y":377.22119140625,"z":20.616363525390626},"rotation":{"x":0.0927332416176796,"y":0.011864965781569481,"z":-0.0011047300649806858,"w":0.9956381916999817},"size":102.13633728027344,"orthographic":false}